id;title;first_name;last_name;address;phone_number
1;afore;Esperanza;Dickinson;whoa;6955
2;bah yippee pfft;Cheyenne;Hilll;um;21088
3;consequently;Matteo;Farrell;finally pro;25559
4;lout hateful;Jordi;Dietrich;gosh;19820
5;whose;Tatum;Barton;huzzah even these;2219
6;inaugurate whether spouse;Jennings;Schmitt;failing admirable;12180
7;wisely indeed;Krystina;Ferry;deliberately;4979
8;meanwhile gosh throughout;Frida;Sporer;onto;12989
9;worn abaft;Layne;Prosacco;disappoint;7413
10;behind traumatic yahoo;Mia;Hackett;unto until pfft;18986
